id,item,lote,quantidade,m2,m_linear,largura,endereco,modo_origem,created_at,edited_by,edited_at
03860127-3be1-4ee6-a39e-ac3d2607f968,WINSTAR 5/40,ERD4540260500279,,0,0,0,,motor,2026-09-28 16:14:48.340148+00,,
d3c84c7c-4445-42d8-aab3-43b220588edb,WINSTAR 5/40,ERD4540260500281,,0,0,0,,motor,2026-09-28 16:14:48.340148+00,,
b16a1cb5-24d6-4f21-b98c-0f8b0cf27dbc,WINSTAR 5/40,ERD4540260500289,,0,0,0,,motor,2026-09-28 16:14:48.340148+00,,
cf009273-81dd-40be-876f-6bbb2f768309,WINSTAR 5/40,ERD4540260500277,,0,0,0,,motor,2026-09-28 16:14:48.340148+00,,
0eee2a27-931d-457d-b3c6-352ee8f869c7,WINSTAR 5/40,ERD4540260500291,,0,0,0,,motor,2026-09-28 16:14:48.340148+00,,
07129fdb-e75e-43bc-96f6-49ab8258c661,WINSTAR 5/40,ERD4540260500282,,0,0,0,,motor,2026-09-28 16:14:48.340148+00,,
4e7286dc-6ebc-4f5d-b8a1-4cc486ee040c,WINSTAR 5/40,ERD4540260500280,,0,0,0,,motor,2026-09-28 16:14:48.340148+00,,
b5f8ceb9-59ce-45db-84e4-d8f494f1a65a,WINSTAR 5/40,ERD4540260500288,,0,0,0,,motor,2026-09-28 16:14:48.340148+00,,
ecf4fd6b-1089-463e-97d6-86109449a297,WINSTAR 5/40,ERD4540260500283,,0,0,0,,motor,2026-09-28 16:14:48.340148+00,,
c7b1819a-3ee1-4bd2-b9e4-fdd75cc6247a,WINSTAR 5/40,ERD4540260500290,,0,0,0,,motor,2026-09-28 16:14:48.340148+00,,
e7ca8088-d700-42da-a791-cc230c41b1b7,WINSTAR 5/40,ERD4540260500262,2,0,0,0,,motor,2026-09-28 16:14:48.340148+00,,
eb73d5a2-65b8-4c56-8814-46cf33232b0d,WINSTAR 5/40,ERD4540260500268,2,0,0,0,,motor,2026-09-28 16:14:48.340148+00,,
ea72b7c9-509d-485b-9f4a-83b29a195b99,WINSTAR 5/40,ERD4540260500265,2,0,0,0,,motor,2026-09-28 16:14:48.340148+00,,
5b9f2df1-d569-43b6-8874-bd84f26638d0,WINSTAR 5/40,ERD4540260500263,2,0,0,0,,motor,2026-09-28 16:14:48.340148+00,,
c6f423bf-1a7b-4832-b538-f62604dabe11,WINSTAR 5/40,ERD4540260500270,2,0,0,0,,motor,2026-09-28 16:14:48.340148+00,,
f672ff7e-eed9-4226-a5fc-75aaa22f68e9,WINSTAR 5/40,ERD4540260500257,2,0,0,0,,motor,2026-09-28 16:14:48.340148+00,,
b4676491-acfc-4849-b729-0c35aac83747,WINSTAR 5/40,ERD4540260500254,2,0,0,0,,motor,2026-09-28 16:14:48.340148+00,,
143b9ebd-dd06-45cb-8ded-0642dc9039af,WINSTAR 5/40,ERD4540260500264,2,0,0,0,,motor,2026-09-28 16:14:48.340148+00,,
186a0d04-10eb-449d-ac7c-70d9f59bc62c,WINSTAR 5/40,ERD4540260500269,2,0,0,0,,motor,2026-09-28 16:14:48.340148+00,,
aa3dbd1f-9494-4c0e-a02c-925def1b5bac,WINSTAR 5/40,ERD4540260500267,2,0,0,0,,motor,2026-09-28 16:14:48.340148+00,,
687cb146-b22a-4b6e-9a8a-f0baacf7f663,WINSTAR 5/40,ERD4540260500294,3,0,0,0,,motor,2026-09-28 16:14:48.340148+00,,
ba9df20e-a315-4603-bb8f-a5f711ea9356,WINSTAR 5/40,ERD4540260500295,3,0,0,0,,motor,2026-09-28 16:14:48.340148+00,,
73746f43-cba0-4ac1-8c3a-24e96ae15c57,WINSTAR 5/40,ERD4540260500301,3,0,0,0,,motor,2026-09-28 16:14:48.340148+00,,
fbf6a144-ee55-4fe4-8831-a778976b4ce7,WINSTAR 5/40,ERD4540260500293,3,0,0,0,,motor,2026-09-28 16:14:48.340148+00,,
64c4fc5e-6db4-4303-af05-cde8d758bcf7,WINSTAR 5/40,ERD4540260500287,3,0,0,0,,motor,2026-09-28 16:14:48.340148+00,,
bcd1a29f-aa3a-4b6f-8fe5-2da9cfcad6be,WINSTAR 5/40,ERD4540260500241,3,0,0,0,,motor,2026-09-28 16:14:48.340148+00,,
1187c221-9e92-414a-833e-9a2d257730ae,WINSTAR 5/40,ERD4540260500278,3,0,0,0,,motor,2026-09-28 16:14:48.340148+00,,
3058f295-2704-4e3f-9a60-264bcb7ff9fc,WINSTAR 5/40,ERD4540260500296,3,0,0,0,,motor,2026-09-28 16:14:48.340148+00,,
f54d92e1-6950-4af5-b571-0c32d5366bc3,WINSTAR 5/40,ERD4540260500297,3,0,0,0,,motor,2026-09-28 16:14:48.340148+00,,
247f5d71-76af-43e4-8b63-2ff0e57281b4,WINSTAR 5/40,ERD4540260500300,3,0,0,0,,motor,2026-09-28 16:14:48.340148+00,,
1c69b863-e366-46be-83ae-21acd05814d7,WINSTAR 5/40,ERD4540260500252,4,0,0,0,,motor,2026-09-28 16:14:48.340148+00,,
ffe9eb5d-b143-4505-827b-ec158d5e4bda,WINSTAR 5/40,ERD4540260500250,4,0,0,0,,motor,2026-09-28 16:14:48.340148+00,,
0e468aa5-f8b7-412c-b898-bf4002d38555,WINSTAR 5/40,ERD4540260500261,4,0,0,0,,motor,2026-09-28 16:14:48.340148+00,,
5f3da3ca-f9f8-4c0e-9489-39747b7bf74d,WINSTAR 5/40,ERD4540260500246,4,0,0,0,,motor,2026-09-28 16:14:48.340148+00,,
790bb9ab-3744-41d2-a378-94d8aa49ec40,WINSTAR 5/40,ERD4540260500243,4,0,0,0,,motor,2026-09-28 16:14:48.340148+00,,
69bb4677-7286-4037-85e5-9ae5e7dab1fd,WINSTAR 5/40,ERD4540260500259,4,0,0,0,,motor,2026-09-28 16:14:48.340148+00,,
4c0b04da-3c99-4dcf-b36d-42c4bdac760c,WINSTAR 5/40,ERD4540260500255,4,0,0,0,,motor,2026-09-28 16:14:48.340148+00,,
3f0bb1c0-f2bc-4300-97c9-82393074a7ae,WINSTAR 5/40,ERD4540260500260,4,0,0,0,,motor,2026-09-28 16:14:48.340148+00,,
bd83f2d7-af9b-4655-91d5-231549f373d9,WINSTAR 5/40,ERD4540260500253,4,0,0,0,,motor,2026-09-28 16:14:48.340148+00,,
b56107a4-8561-4a2e-b4d7-04fb1781749c,WINSTAR 5/40,ERD4540260500258,4,0,0,0,,motor,2026-09-28 16:14:48.340148+00,,
1a4e344b-4aee-4320-bcc3-146dac41d45c,WINSTAR 5/40,ERD4540260500242,5,0,0,0,,motor,2026-09-28 16:14:48.340148+00,,
ff4cd4ac-91b9-4696-a11d-2becab65f83d,WINSTAR 5/40,ERD4540260500251,5,0,0,0,,motor,2026-09-28 16:14:48.340148+00,,
d85ab10b-fc38-4d8a-8730-e2108bc84620,WINSTAR 5/40,ERD4540260500245,5,0,0,0,,motor,2026-09-28 16:14:48.340148+00,,
97a7f88d-b26d-488e-9813-7c1eacc71926,WINSTAR 5/40,ERD4540260500246,5,0,0,0,,motor,2026-09-28 16:14:48.340148+00,,
44de544c-c4eb-4392-801c-ad57847603e0,WINSTAR 5/40,ERD4540260500241,5,0,0,0,,motor,2026-09-28 16:14:48.340148+00,,
94922639-cf36-444d-8437-aadc8bd35eca,WINSTAR 5/40,ERD4540260500232,5,0,0,0,,motor,2026-09-28 16:14:48.340148+00,,
2b7d9434-49b0-4f01-8109-aab1d71fb98e,WINSTAR 5/40,ERD4540260500249,5,0,0,0,,motor,2026-09-28 16:14:48.340148+00,,
19ad211d-7724-4042-866f-9dbda26ce4ae,WINSTAR 5/40,ERD4540260500247,5,0,0,0,,motor,2026-09-28 16:14:48.340148+00,,
3a0190e9-c41f-4377-8086-9e476aee1380,WINSTAR 5/40,ERD4540260500244,5,0,0,0,,motor,2026-09-28 16:14:48.340148+00,,
6dc14d18-4192-40e2-9269-0607699d503f,WINSTAR 5/40,ERD4540260500256,5,0,0,0,,motor,2026-09-28 16:14:48.340148+00,,
8e6d1c80-376b-4dfc-b091-59dd3450dd68,WINSTAR 5/40,ERD4540260500266,6,0,0,0,,motor,2026-09-28 16:14:48.340148+00,,
ffdbe4f0-11b3-4a4b-94b9-de3af33acc62,WINSTAR 5/40,ERD4540260500286,6,0,0,0,,motor,2026-09-28 16:14:48.340148+00,,
14604185-4889-46ed-a222-a08d15123fba,WINSTAR 5/40,ERD4540260500285,6,0,0,0,,motor,2026-09-28 16:14:48.340148+00,,
b3968f17-84e9-4666-801a-2cbf41a46bd3,WINSTAR 5/40,ERD4540260500275,6,0,0,0,,motor,2026-09-28 16:14:48.340148+00,,
59237df8-11af-498d-ad0c-e794a8172db2,WINSTAR 5/40,ERD4540260500273,6,0,0,0,,motor,2026-09-28 16:14:48.340148+00,,
23afa530-c619-4462-b42d-3bdabe1b09a0,WINSTAR 5/40,ERD4540260500272,6,0,0,0,,motor,2026-09-28 16:14:48.340148+00,,
01da8435-e621-4fea-a223-1c38266c42e2,WINSTAR 5/40,ERD4540260500271,6,0,0,0,,motor,2026-09-28 16:14:48.340148+00,,
f6571205-2ef9-4da0-9c31-8cc1da52b3f8,WINSTAR 5/40,ERD4540260500284,6,0,0,0,,motor,2026-09-28 16:14:48.340148+00,,
6386090f-7cf0-4c17-b1fb-21f3899b3eb1,WINSTAR 5/40,ERD4540260500276,6,0,0,0,,motor,2026-09-28 16:14:48.340148+00,,
4f7e6faf-d1c9-493b-bb87-12586ea426d2,WINSTAR 5/40,ERD4540260500274,6,0,0,0,,motor,2026-09-28 16:14:48.340148+00,,
2cbb3efa-4264-42dc-af33-f25fa347511d,WINSTAR 5/40,ERD4540260500237,7,0,0,0,,motor,2026-09-28 16:14:48.340148+00,,
2b20f238-5f7d-4c47-a574-0e4db555d59d,WINSTAR 5/40,ERD4540260500231,7,0,0,0,,motor,2026-09-28 16:14:48.340148+00,,
875223e5-7b54-4eb6-a4f7-c998cec77c8c,WINSTAR 5/40,ERD4540260500240,7,0,0,0,,motor,2026-09-28 16:14:48.340148+00,,
